ticker,target_name,horizon,spike_percentile,embedding_variant,alignment_mode,best_variant,correct_text_rank,num_variants,correct_text_mae_improvement_pct,correct_text_num_spike_samples,correct_text_underprediction_reduction
ABT,log_abs_return,1,80.0,target_sector_event_weighted,same_day_text,correct_text,1,4,26.063395882441714,15,0.554794944455404
ABT,log_abs_return,1,80.0,target_sector_event_weighted,shifted_1_day_text,cross_ticker_same_day,4,4,-10.703421852065341,15,-0.22783693877357616
ABT,log_abs_return,1,80.0,target_sector_weighted,same_day_text,correct_text,1,4,21.525168848145245,15,0.4581925896903176
ABT,log_abs_return,1,80.0,target_sector_weighted,shifted_1_day_text,cross_ticker_same_day,4,4,-2.2437078583956396,15,-0.047760383270368995
ABT,log_abs_return,1,85.0,target_sector_event_weighted,same_day_text,correct_text,1,4,21.818741811469977,9,0.4606618773038798
ABT,log_abs_return,1,85.0,target_sector_event_weighted,shifted_1_day_text,stale_20d,4,4,-7.545371530052009,9,-0.1593063909928007
ABT,log_abs_return,1,85.0,target_sector_weighted,same_day_text,correct_text,1,4,19.565050423413147,9,0.41307940372879587
ABT,log_abs_return,1,85.0,target_sector_weighted,shifted_1_day_text,cross_ticker_same_day,2,4,0.5755883745444621,9,0.012152470727369961
ABT,log_abs_return,1,90.0,target_sector_event_weighted,same_day_text,correct_text,1,4,24.672197576116563,6,0.6039991471677566
ABT,log_abs_return,1,90.0,target_sector_event_weighted,shifted_1_day_text,cross_ticker_same_day,4,4,-4.970928492913864,6,-0.12169311473325443
ABT,log_abs_return,1,90.0,target_sector_weighted,same_day_text,correct_text,1,4,23.239527404148728,6,0.5689260022088771
ABT,log_abs_return,1,90.0,target_sector_weighted,shifted_1_day_text,cross_ticker_same_day,2,4,2.10071890912472,6,0.051427621136545344
ABT,log_abs_return,1,95.0,target_sector_event_weighted,same_day_text,correct_text,1,4,36.72905365563624,3,0.8615502222822418
ABT,log_abs_return,1,95.0,target_sector_event_weighted,shifted_1_day_text,cross_ticker_same_day,4,4,-8.4888001722865,3,-0.1991210485277691
ABT,log_abs_return,1,95.0,target_sector_weighted,same_day_text,correct_text,1,4,33.4725161712939,3,0.7851619052890796
ABT,log_abs_return,1,95.0,target_sector_weighted,shifted_1_day_text,cross_ticker_same_day,4,4,-1.358080233900684,3,-0.03185637011953624
ABT,log_abs_return,3,80.0,target_sector_event_weighted,same_day_text,stale_20d,2,4,2.891557531802757,24,0.04250122634650707
ABT,log_abs_return,3,80.0,target_sector_event_weighted,shifted_1_day_text,cross_ticker_same_day,4,4,-0.43740145399518876,24,-0.006429095045171344
ABT,log_abs_return,3,80.0,target_sector_weighted,same_day_text,correct_text,1,4,9.151238752742891,24,0.1345084319794835
ABT,log_abs_return,3,80.0,target_sector_weighted,shifted_1_day_text,correct_text,1,4,3.4074580145304547,24,0.05008413035153725
ABT,log_abs_return,3,85.0,target_sector_event_weighted,same_day_text,stale_20d,3,4,2.356255527259116,18,0.03808996169422333
ABT,log_abs_return,3,85.0,target_sector_event_weighted,shifted_1_day_text,cross_ticker_same_day,3,4,0.6140896108767148,18,0.00992704292234513
ABT,log_abs_return,3,85.0,target_sector_weighted,same_day_text,correct_text,1,4,8.501942355458272,18,0.13743783511570165
ABT,log_abs_return,3,85.0,target_sector_weighted,shifted_1_day_text,correct_text,1,4,3.6479788654790353,18,0.05897126760655929
ABT,log_abs_return,3,90.0,target_sector_event_weighted,same_day_text,cross_ticker_same_day,2,4,3.612520103711965,10,0.06489535126146775
ABT,log_abs_return,3,90.0,target_sector_event_weighted,shifted_1_day_text,cross_ticker_same_day,2,4,2.0667528259568213,10,0.03712717071755085
ABT,log_abs_return,3,90.0,target_sector_weighted,same_day_text,correct_text,1,4,10.084776217929473,10,0.18116303197409384
ABT,log_abs_return,3,90.0,target_sector_weighted,shifted_1_day_text,cross_ticker_same_day,2,4,3.163040003031185,10,0.05682088574119346
ABT,log_abs_return,3,95.0,target_sector_event_weighted,same_day_text,cross_ticker_same_day,2,4,3.911132248345522,4,0.08492781864252996
ABT,log_abs_return,3,95.0,target_sector_event_weighted,shifted_1_day_text,correct_text,1,4,3.455001263684344,4,0.07502321632208186
ABT,log_abs_return,3,95.0,target_sector_weighted,same_day_text,correct_text,1,4,9.136570992628346,4,0.1983949902498907
ABT,log_abs_return,3,95.0,target_sector_weighted,shifted_1_day_text,cross_ticker_same_day,2,4,4.934587332180071,4,0.10715151301784709
ABT,log_gk,1,80.0,target_sector_event_weighted,same_day_text,correct_text,1,4,2.502660232438857,14,0.014065401469087873
ABT,log_gk,1,80.0,target_sector_event_weighted,shifted_1_day_text,cross_ticker_same_day,3,4,-1.2384966982173116,14,-0.00696057461287501
ABT,log_gk,1,80.0,target_sector_weighted,same_day_text,correct_text,1,4,2.512311678710243,14,0.014119644336259705
ABT,log_gk,1,80.0,target_sector_weighted,shifted_1_day_text,correct_text,1,4,1.8434301446466326,14,0.010360409586804334
ABT,log_gk,1,85.0,target_sector_event_weighted,same_day_text,stale_20d,2,4,1.6853891429943055,10,0.01066293357829089
ABT,log_gk,1,85.0,target_sector_event_weighted,shifted_1_day_text,cross_ticker_same_day,2,4,0.036483469689812704,10,0.00023081957993205117
ABT,log_gk,1,85.0,target_sector_weighted,same_day_text,stale_20d,2,4,1.238208426909589,10,0.007833760094573972
ABT,log_gk,1,85.0,target_sector_weighted,shifted_1_day_text,correct_text,1,4,2.005693050519059,10,0.012689396905766426
ABT,log_gk,1,90.0,target_sector_event_weighted,same_day_text,stale_20d,2,4,1.774737266154315,6,0.015374275945189217
ABT,log_gk,1,90.0,target_sector_event_weighted,shifted_1_day_text,cross_ticker_same_day,4,4,-1.2297989675897516,6,-0.010653559287569022
ABT,log_gk,1,90.0,target_sector_weighted,same_day_text,cross_ticker_same_day,2,4,2.228210983043099,6,0.019302649000906946
ABT,log_gk,1,90.0,target_sector_weighted,shifted_1_day_text,shuffled_within_ticker,2,4,0.9871485381177051,6,0.008551515941736199
ABT,log_gk,1,95.0,target_sector_event_weighted,same_day_text,cross_ticker_same_day,2,4,3.666258077920577,1,0.03751532114637346
ABT,log_gk,1,95.0,target_sector_event_weighted,shifted_1_day_text,shuffled_within_ticker,3,4,-2.9174068464093708,1,-0.029852632420179326
ABT,log_gk,1,95.0,target_sector_weighted,same_day_text,correct_text,1,4,5.495841229422664,1,0.05623669810179077
ABT,log_gk,1,95.0,target_sector_weighted,shifted_1_day_text,stale_20d,3,4,-2.664248148638711,1,-0.027262162888026076
ABT,log_gk,3,80.0,target_sector_event_weighted,same_day_text,cross_ticker_same_day,4,4,-2.044471069438781,15,-0.011882537699433609
ABT,log_gk,3,80.0,target_sector_event_weighted,shifted_1_day_text,shuffled_within_ticker,2,4,-0.35548958467961245,15,-0.002066117958260468
ABT,log_gk,3,80.0,target_sector_weighted,same_day_text,correct_text,1,4,0.7282197646590178,15,0.0042324388622475935
ABT,log_gk,3,80.0,target_sector_weighted,shifted_1_day_text,correct_text,1,4,0.07458118066176699,15,0.00043346844283060905
ABT,log_gk,3,85.0,target_sector_event_weighted,same_day_text,cross_ticker_same_day,4,4,-1.8976032964288858,9,-0.013365421717375585
ABT,log_gk,3,85.0,target_sector_event_weighted,shifted_1_day_text,correct_text,1,4,3.190740326714699,9,0.02247339585541091
ABT,log_gk,3,85.0,target_sector_weighted,same_day_text,correct_text,1,4,1.3892242292311916,9,0.009784746747970708
ABT,log_gk,3,85.0,target_sector_weighted,shifted_1_day_text,correct_text,1,4,4.0913435089290395,9,0.028816629635072626
ABT,log_gk,3,90.0,target_sector_event_weighted,same_day_text,stale_20d,3,4,-0.8711379119232553,4,-0.00807570494915244
ABT,log_gk,3,90.0,target_sector_event_weighted,shifted_1_day_text,correct_text,1,4,1.6025529226249648,4,0.01485613746272274
ABT,log_gk,3,90.0,target_sector_weighted,same_day_text,correct_text,1,4,3.042003118602411,4,0.02820026462400005
ABT,log_gk,3,90.0,target_sector_weighted,shifted_1_day_text,correct_text,1,4,2.551885461401927,4,0.023656729627133055
ABT,log_gk,3,95.0,target_sector_event_weighted,same_day_text,shuffled_within_ticker,4,4,-3.295444049668262,1,-0.03386630838230431
ABT,log_gk,3,95.0,target_sector_event_weighted,shifted_1_day_text,correct_text,1,4,1.3323424087991973,1,0.013692090718929961
ABT,log_gk,3,95.0,target_sector_weighted,same_day_text,correct_text,1,4,1.090729701692732,1,0.011209108054188732
ABT,log_gk,3,95.0,target_sector_weighted,shifted_1_day_text,correct_text,1,4,2.943763758055668,1,0.03025219355339992
AMD,log_abs_return,1,80.0,target_sector_event_weighted,same_day_text,correct_text,1,4,16.275624076523833,23,0.37551998119185015
AMD,log_abs_return,1,80.0,target_sector_event_weighted,shifted_1_day_text,stale_20d,2,4,5.022078079308146,23,0.11587209541206035
AMD,log_abs_return,1,80.0,target_sector_weighted,same_day_text,correct_text,1,4,22.77469503723795,23,0.5254700533646354
AMD,log_abs_return,1,80.0,target_sector_weighted,shifted_1_day_text,cross_ticker_same_day,2,4,2.4672944219683854,23,0.056926748281729236
AMD,log_abs_return,1,85.0,target_sector_event_weighted,same_day_text,cross_ticker_same_day,2,4,14.599245754197435,15,0.36267870585628953
AMD,log_abs_return,1,85.0,target_sector_event_weighted,shifted_1_day_text,stale_20d,3,4,2.9505549507640825,15,0.07329854357669957
AMD,log_abs_return,1,85.0,target_sector_weighted,same_day_text,correct_text,1,4,22.133650039776118,15,0.5498505667660301
AMD,log_abs_return,1,85.0,target_sector_weighted,shifted_1_day_text,cross_ticker_same_day,4,4,0.545418240698157,15,0.013549438444787131
AMD,log_abs_return,1,90.0,target_sector_event_weighted,same_day_text,cross_ticker_same_day,2,4,13.871241157229267,12,0.3568584887085249
AMD,log_abs_return,1,90.0,target_sector_event_weighted,shifted_1_day_text,stale_20d,2,4,5.867426447224176,12,0.15094834779608765
AMD,log_abs_return,1,90.0,target_sector_weighted,same_day_text,correct_text,1,4,23.444337985622496,12,0.6031407663877889
AMD,log_abs_return,1,90.0,target_sector_weighted,shifted_1_day_text,stale_20d,3,4,2.7149883933016548,12,0.0698471495025426
AMD,log_abs_return,1,95.0,target_sector_event_weighted,same_day_text,cross_ticker_same_day,2,4,12.128222442112516,7,0.35206074818782707
AMD,log_abs_return,1,95.0,target_sector_event_weighted,shifted_1_day_text,stale_20d,3,4,2.2291985008250306,7,0.06470967166091501
AMD,log_abs_return,1,95.0,target_sector_weighted,same_day_text,correct_text,1,4,20.8214260763349,7,0.6044090036903356
AMD,log_abs_return,1,95.0,target_sector_weighted,shifted_1_day_text,stale_20d,4,4,-0.8268503405032599,7,-0.024001996245232502
AMD,log_abs_return,3,80.0,target_sector_event_weighted,same_day_text,stale_20d,2,4,6.587330598396046,27,0.08514259699156794
AMD,log_abs_return,3,80.0,target_sector_event_weighted,shifted_1_day_text,cross_ticker_same_day,2,4,3.409675240576026,27,0.04407075074555703
AMD,log_abs_return,3,80.0,target_sector_weighted,same_day_text,correct_text,1,4,6.340744794882299,27,0.0819554249833004
AMD,log_abs_return,3,80.0,target_sector_weighted,shifted_1_day_text,cross_ticker_same_day,2,4,2.5820142099732957,27,0.033373062429838715
AMD,log_abs_return,3,85.0,target_sector_event_weighted,same_day_text,stale_20d,2,4,6.443516554273667,19,0.09125522600329508
AMD,log_abs_return,3,85.0,target_sector_event_weighted,shifted_1_day_text,cross_ticker_same_day,2,4,4.297915836436887,19,0.06086851452830626
AMD,log_abs_return,3,85.0,target_sector_weighted,same_day_text,correct_text,1,4,7.162841657663982,19,0.10144254752669353
AMD,log_abs_return,3,85.0,target_sector_weighted,shifted_1_day_text,correct_text,1,4,3.5707161775943885,19,0.05056967092974727
AMD,log_abs_return,3,90.0,target_sector_event_weighted,same_day_text,stale_20d,2,4,4.653431843228669,12,0.07383049663813113
AMD,log_abs_return,3,90.0,target_sector_event_weighted,shifted_1_day_text,correct_text,1,4,5.03318538717943,12,0.07985559675661102
AMD,log_abs_return,3,90.0,target_sector_weighted,same_day_text,correct_text,1,4,6.169659147615271,12,0.09788668112099878
AMD,log_abs_return,3,90.0,target_sector_weighted,shifted_1_day_text,correct_text,1,4,3.963689941413967,12,0.0628871780554792
AMD,log_abs_return,3,95.0,target_sector_event_weighted,same_day_text,stale_20d,2,4,4.388394141726224,8,0.07566508062198363
AMD,log_abs_return,3,95.0,target_sector_event_weighted,shifted_1_day_text,correct_text,1,4,5.0741468973049875,8,0.08748889039427626
AMD,log_abs_return,3,95.0,target_sector_weighted,same_day_text,correct_text,1,4,6.825348385062344,8,0.11768326161007037
AMD,log_abs_return,3,95.0,target_sector_weighted,shifted_1_day_text,correct_text,1,4,3.4987484398854187,8,0.06032573060446067
AMD,log_gk,1,80.0,target_sector_event_weighted,same_day_text,correct_text,1,4,2.298975068615441,17,0.013888879590774587
AMD,log_gk,1,80.0,target_sector_event_weighted,shifted_1_day_text,stale_20d,3,4,0.39555474397318213,17,0.0023896788989154123
AMD,log_gk,1,80.0,target_sector_weighted,same_day_text,correct_text,1,4,3.3584275281378284,17,0.020289387296722902
AMD,log_gk,1,80.0,target_sector_weighted,shifted_1_day_text,stale_20d,2,4,1.7212193484722809,17,0.010398463474699624
AMD,log_gk,1,85.0,target_sector_event_weighted,same_day_text,cross_ticker_same_day,2,4,1.867673888985305,13,0.01189521444140551
AMD,log_gk,1,85.0,target_sector_event_weighted,shifted_1_day_text,stale_20d,4,4,0.43212988578889444,13,0.002752235113589164
AMD,log_gk,1,85.0,target_sector_weighted,same_day_text,cross_ticker_same_day,2,4,2.8241564906617254,13,0.01798705184595132
AMD,log_gk,1,85.0,target_sector_weighted,shifted_1_day_text,stale_20d,2,4,1.6287752143928018,13,0.01037366885424235
AMD,log_gk,1,90.0,target_sector_event_weighted,same_day_text,correct_text,1,4,1.7375114012788861,6,0.01387734533316117
AMD,log_gk,1,90.0,target_sector_event_weighted,shifted_1_day_text,stale_20d,3,4,1.2254520752243152,6,0.009787574127346618
AMD,log_gk,1,90.0,target_sector_weighted,same_day_text,cross_ticker_same_day,3,4,2.66733358480465,6,0.021303750437452102
AMD,log_gk,1,90.0,target_sector_weighted,shifted_1_day_text,stale_20d,4,4,1.1473212966248187,6,0.009163550713758628
AMD,log_gk,1,95.0,target_sector_event_weighted,same_day_text,correct_text,1,4,1.8931673222649426,5,0.016444790864779613
AMD,log_gk,1,95.0,target_sector_event_weighted,shifted_1_day_text,stale_20d,3,4,0.9531593001003629,5,0.008279514001022292
AMD,log_gk,1,95.0,target_sector_weighted,same_day_text,cross_ticker_same_day,2,4,3.043504913901395,5,0.026437072527302784
AMD,log_gk,1,95.0,target_sector_weighted,shifted_1_day_text,stale_20d,3,4,0.9032416560753428,5,0.00784590984633402
AMD,log_gk,3,80.0,target_sector_event_weighted,same_day_text,stale_20d,4,4,-0.2582327650218703,20,-0.0015831558657436017
AMD,log_gk,3,80.0,target_sector_event_weighted,shifted_1_day_text,stale_20d,2,4,0.6603925245363937,20,0.004048689556588303
AMD,log_gk,3,80.0,target_sector_weighted,same_day_text,correct_text,1,4,2.7455485573387928,20,0.01683222228932286
AMD,log_gk,3,80.0,target_sector_weighted,shifted_1_day_text,shuffled_within_ticker,4,4,-0.8838731999458924,20,-0.005418789675854474
AMD,log_gk,3,85.0,target_sector_event_weighted,same_day_text,stale_20d,3,4,-0.34230383354549715,14,-0.0022847838485396477
AMD,log_gk,3,85.0,target_sector_event_weighted,shifted_1_day_text,cross_ticker_same_day,2,4,0.4142657912931482,14,0.002765110104509226
AMD,log_gk,3,85.0,target_sector_weighted,same_day_text,correct_text,1,4,2.1852999284642753,14,0.014586275383052984
AMD,log_gk,3,85.0,target_sector_weighted,shifted_1_day_text,shuffled_within_ticker,3,4,-0.1648331669519957,14,-0.0011002160088443094
AMD,log_gk,3,90.0,target_sector_event_weighted,same_day_text,stale_20d,3,4,0.9740476874118801,6,0.008642368487834432
AMD,log_gk,3,90.0,target_sector_event_weighted,shifted_1_day_text,correct_text,1,4,1.1193879983078239,6,0.009931919850803808
AMD,log_gk,3,90.0,target_sector_weighted,same_day_text,correct_text,1,4,3.6948748218373453,6,0.03278327143467363
AMD,log_gk,3,90.0,target_sector_weighted,shifted_1_day_text,shuffled_within_ticker,3,4,-0.160298113992102,6,-0.0014222664731186423
AMD,log_gk,3,95.0,target_sector_event_weighted,same_day_text,stale_20d,3,4,0.5065683321951152,5,0.0047902845248992245
AMD,log_gk,3,95.0,target_sector_event_weighted,shifted_1_day_text,correct_text,1,4,1.8537167243714645,5,0.017529383449266956
AMD,log_gk,3,95.0,target_sector_weighted,same_day_text,correct_text,1,4,2.6685788620216653,5,0.025235000322310342
AMD,log_gk,3,95.0,target_sector_weighted,shifted_1_day_text,shuffled_within_ticker,2,4,0.35856207763803183,5,0.0033906864337181373
AMGN,log_abs_return,1,80.0,target_sector_event_weighted,same_day_text,correct_text,1,4,8.380530077604739,19,0.1685671255936479
AMGN,log_abs_return,1,80.0,target_sector_event_weighted,shifted_1_day_text,correct_text,1,4,-6.1255214678378795,19,-0.12320957469682424
AMGN,log_abs_return,1,80.0,target_sector_weighted,same_day_text,stale_20d,2,4,4.85373211288639,19,0.09762863006210765
AMGN,log_abs_return,1,80.0,target_sector_weighted,shifted_1_day_text,correct_text,1,4,2.198953393064344,19,0.04423004861873776
AMGN,log_abs_return,1,85.0,target_sector_event_weighted,same_day_text,correct_text,1,4,8.050278515439851,16,0.17773581933065363
AMGN,log_abs_return,1,85.0,target_sector_event_weighted,shifted_1_day_text,shuffled_within_ticker,2,4,-5.088183246388722,16,-0.11233802861191972
AMGN,log_abs_return,1,85.0,target_sector_weighted,same_day_text,correct_text,1,4,6.756242199279976,16,0.149165800982198
AMGN,log_abs_return,1,85.0,target_sector_weighted,shifted_1_day_text,correct_text,1,4,4.846122843993981,16,0.10699376581844988
AMGN,log_abs_return,1,90.0,target_sector_event_weighted,same_day_text,correct_text,1,4,11.72965557467343,9,0.2739723628097802
AMGN,log_abs_return,1,90.0,target_sector_event_weighted,shifted_1_day_text,stale_20d,2,4,-1.650083117836922,9,-0.03854138493225959
AMGN,log_abs_return,1,90.0,target_sector_weighted,same_day_text,correct_text,1,4,12.028766856845943,9,0.280958776366271
AMGN,log_abs_return,1,90.0,target_sector_weighted,shifted_1_day_text,correct_text,1,4,6.074290973756562,9,0.14187866300759133
AMGN,log_abs_return,1,95.0,target_sector_event_weighted,same_day_text,correct_text,1,4,7.537867484651901,2,0.22205175255573106
AMGN,log_abs_return,1,95.0,target_sector_event_weighted,shifted_1_day_text,cross_ticker_same_day,2,4,1.5938455846596054,2,0.04695176800301937
AMGN,log_abs_return,1,95.0,target_sector_weighted,same_day_text,correct_text,1,4,12.052126936968039,2,0.35503355741222276
AMGN,log_abs_return,1,95.0,target_sector_weighted,shifted_1_day_text,cross_ticker_same_day,2,4,5.223834463743184,2,0.15388458341792788
AMGN,log_abs_return,3,80.0,target_sector_event_weighted,same_day_text,correct_text,1,4,8.060104036691182,16,0.11164384032765201
AMGN,log_abs_return,3,80.0,target_sector_event_weighted,shifted_1_day_text,shuffled_within_ticker,3,4,2.1046547232836232,16,0.029152444534397803
AMGN,log_abs_return,3,80.0,target_sector_weighted,same_day_text,correct_text,1,4,11.012075836007138,16,0.1525328247271457
AMGN,log_abs_return,3,80.0,target_sector_weighted,shifted_1_day_text,shuffled_within_ticker,4,4,2.493563680722002,16,0.03453938362954978
AMGN,log_abs_return,3,85.0,target_sector_event_weighted,same_day_text,correct_text,1,4,9.047365609888155,10,0.14168140283356143
AMGN,log_abs_return,3,85.0,target_sector_event_weighted,shifted_1_day_text,correct_text,1,4,3.2911467741580482,10,0.05153923384993266
AMGN,log_abs_return,3,85.0,target_sector_weighted,same_day_text,correct_text,1,4,12.258668942364846,10,0.1919702914103782
AMGN,log_abs_return,3,85.0,target_sector_weighted,shifted_1_day_text,stale_20d,4,4,0.7180563777979033,10,0.01124473568403186
AMGN,log_abs_return,3,90.0,target_sector_event_weighted,same_day_text,correct_text,1,4,9.458244882481132,8,0.1597541374323347
AMGN,log_abs_return,3,90.0,target_sector_event_weighted,shifted_1_day_text,correct_text,1,4,2.8801076709230893,8,0.048646352721612995
AMGN,log_abs_return,3,90.0,target_sector_weighted,same_day_text,correct_text,1,4,11.965853336559341,8,0.20210880582766233
AMGN,log_abs_return,3,90.0,target_sector_weighted,shifted_1_day_text,stale_20d,4,4,0.589072674480844,8,0.009949710349639429
AMGN,log_abs_return,3,95.0,target_sector_event_weighted,same_day_text,correct_text,1,4,8.428979676834084,2,0.17599016259657452
AMGN,log_abs_return,3,95.0,target_sector_event_weighted,shifted_1_day_text,cross_ticker_same_day,2,4,3.7630413797048914,2,0.07856920880851481
AMGN,log_abs_return,3,95.0,target_sector_weighted,same_day_text,correct_text,1,4,7.742907749911769,2,0.16166554507449815
AMGN,log_abs_return,3,95.0,target_sector_weighted,shifted_1_day_text,cross_ticker_same_day,3,4,2.467464122630386,2,0.05151862132689855
AMGN,log_gk,1,80.0,target_sector_event_weighted,same_day_text,stale_20d,3,4,1.690627230880812,13,0.00987241639007367
AMGN,log_gk,1,80.0,target_sector_event_weighted,shifted_1_day_text,cross_ticker_same_day,2,4,1.6493767150546568,13,0.009631534035227797
AMGN,log_gk,1,80.0,target_sector_weighted,same_day_text,cross_ticker_same_day,3,4,2.6617726094935152,13,0.015543419067562207
AMGN,log_gk,1,80.0,target_sector_weighted,shifted_1_day_text,correct_text,1,4,4.378448315523538,13,0.025567945507860054
AMGN,log_gk,1,85.0,target_sector_event_weighted,same_day_text,cross_ticker_same_day,3,4,1.4858453909179123,11,0.008873857893923687
AMGN,log_gk,1,85.0,target_sector_event_weighted,shifted_1_day_text,correct_text,1,4,2.2764584019070546,11,0.013595605897779446
AMGN,log_gk,1,85.0,target_sector_weighted,same_day_text,cross_ticker_same_day,3,4,2.8669314102476626,11,0.01712206537885316
AMGN,log_gk,1,85.0,target_sector_weighted,shifted_1_day_text,correct_text,1,4,4.618528574224076,11,0.027583062475546025
AMGN,log_gk,1,90.0,target_sector_event_weighted,same_day_text,stale_20d,2,4,3.8763595613331323,5,0.028690107644375296
AMGN,log_gk,1,90.0,target_sector_event_weighted,shifted_1_day_text,correct_text,1,4,2.3720637227276264,5,0.017556359895821494
AMGN,log_gk,1,90.0,target_sector_weighted,same_day_text,correct_text,1,4,4.483159489539968,5,0.03318121714631896
AMGN,log_gk,1,90.0,target_sector_weighted,shifted_1_day_text,correct_text,1,4,7.229159887806984,5,0.05350519529417781
AMGN,log_gk,1,95.0,target_sector_event_weighted,same_day_text,correct_text,1,4,3.8714337438110755,2,0.033188280560346506
AMGN,log_gk,1,95.0,target_sector_event_weighted,shifted_1_day_text,correct_text,1,4,2.5203530753549916,2,0.02160599677308994
AMGN,log_gk,1,95.0,target_sector_weighted,same_day_text,correct_text,1,4,4.048194339618581,2,0.03470357970631577
AMGN,log_gk,1,95.0,target_sector_weighted,shifted_1_day_text,correct_text,1,4,5.282796608979585,2,0.045287339937650106
AMGN,log_gk,3,80.0,target_sector_event_weighted,same_day_text,correct_text,1,4,0.7371106008098636,9,0.004552931727991588
AMGN,log_gk,3,80.0,target_sector_event_weighted,shifted_1_day_text,cross_ticker_same_day,2,4,1.3587430254833932,9,0.008392586165649677
AMGN,log_gk,3,80.0,target_sector_weighted,same_day_text,correct_text,1,4,5.611733298444298,9,0.03466215050420117
AMGN,log_gk,3,80.0,target_sector_weighted,shifted_1_day_text,cross_ticker_same_day,2,4,1.3812756636066448,9,0.00853176414370882
AMGN,log_gk,3,85.0,target_sector_event_weighted,same_day_text,correct_text,1,4,0.6242608921170784,8,0.004025692848513174
AMGN,log_gk,3,85.0,target_sector_event_weighted,shifted_1_day_text,correct_text,1,4,1.6973359789503892,8,0.010945669347973808
AMGN,log_gk,3,85.0,target_sector_weighted,same_day_text,correct_text,1,4,4.57392434290445,8,0.02949602441765231
AMGN,log_gk,3,85.0,target_sector_weighted,shifted_1_day_text,cross_ticker_same_day,2,4,1.5976904454576752,8,0.010303081742962239
AMGN,log_gk,3,90.0,target_sector_event_weighted,same_day_text,cross_ticker_same_day,2,4,1.8774899448739064,1,0.011796627564683249
AMGN,log_gk,3,90.0,target_sector_event_weighted,shifted_1_day_text,cross_ticker_same_day,4,4,-5.549457003572972,1,-0.03486829723701668
AMGN,log_gk,3,90.0,target_sector_weighted,same_day_text,correct_text,1,4,4.15110043854546,1,0.026082156120629918
AMGN,log_gk,3,90.0,target_sector_weighted,shifted_1_day_text,cross_ticker_same_day,4,4,-5.423636651572288,1,-0.03407774395780372
AXP,log_abs_return,1,80.0,target_sector_event_weighted,same_day_text,cross_ticker_same_day,4,4,-5.848399094859401,10,-0.10422438165914868
AXP,log_abs_return,1,80.0,target_sector_event_weighted,shifted_1_day_text,cross_ticker_same_day,3,4,-0.2802969903420331,10,-0.004995175607115776
AXP,log_abs_return,1,80.0,target_sector_weighted,same_day_text,cross_ticker_same_day,2,4,8.07480097151954,10,0.1439011128732733
AXP,log_abs_return,1,80.0,target_sector_weighted,shifted_1_day_text,cross_ticker_same_day,2,4,12.38883736051742,10,0.2207816006453168
AXP,log_abs_return,1,85.0,target_sector_event_weighted,same_day_text,cross_ticker_same_day,4,4,-9.128890513534936,6,-0.16589655333558748
AXP,log_abs_return,1,85.0,target_sector_event_weighted,shifted_1_day_text,cross_ticker_same_day,2,4,-0.32166490806224235,6,-0.0058455186309241585
AXP,log_abs_return,1,85.0,target_sector_weighted,same_day_text,cross_ticker_same_day,3,4,8.710002579455846,6,0.15828423019571022
AXP,log_abs_return,1,85.0,target_sector_weighted,shifted_1_day_text,correct_text,1,4,7.095390122468409,6,0.12894236864202213
AXP,log_abs_return,1,90.0,target_sector_event_weighted,same_day_text,cross_ticker_same_day,4,4,-9.128890513534936,6,-0.16589655333558748
AXP,log_abs_return,1,90.0,target_sector_event_weighted,shifted_1_day_text,cross_ticker_same_day,2,4,-0.32166490806224235,6,-0.0058455186309241585
AXP,log_abs_return,1,90.0,target_sector_weighted,same_day_text,cross_ticker_same_day,3,4,8.710002579455846,6,0.15828423019571022
AXP,log_abs_return,1,90.0,target_sector_weighted,shifted_1_day_text,correct_text,1,4,7.095390122468409,6,0.12894236864202213
AXP,log_abs_return,1,95.0,target_sector_event_weighted,same_day_text,shuffled_within_ticker,2,4,8.430718680236582,2,0.1603147281750834
AXP,log_abs_return,1,95.0,target_sector_event_weighted,shifted_1_day_text,cross_ticker_same_day,2,4,-4.964580657635738,2,-0.09440421734126891
AXP,log_abs_return,1,95.0,target_sector_weighted,same_day_text,correct_text,1,4,20.84837559164894,2,0.39644326808132235
AXP,log_abs_return,1,95.0,target_sector_weighted,shifted_1_day_text,correct_text,1,4,19.340019319136015,2,0.3677610483334437
AXP,log_abs_return,3,80.0,target_sector_event_weighted,same_day_text,correct_text,1,4,4.221483900700335,13,0.05879205601856919
AXP,log_abs_return,3,80.0,target_sector_event_weighted,shifted_1_day_text,correct_text,1,4,5.070375329813238,13,0.07061445629961947
AXP,log_abs_return,3,80.0,target_sector_weighted,same_day_text,correct_text,1,4,5.696537737531687,13,0.07933493853222875
AXP,log_abs_return,3,80.0,target_sector_weighted,shifted_1_day_text,correct_text,1,4,5.833224057172873,13,0.08123855108893761
AXP,log_abs_return,3,85.0,target_sector_event_weighted,same_day_text,correct_text,1,4,4.0815487802709525,10,0.0587285995007286
AXP,log_abs_return,3,85.0,target_sector_event_weighted,shifted_1_day_text,correct_text,1,4,3.531883326296855,10,0.05081957181450623
AXP,log_abs_return,3,85.0,target_sector_weighted,same_day_text,correct_text,1,4,4.614732453614166,10,0.06640047409976804
AXP,log_abs_return,3,85.0,target_sector_weighted,shifted_1_day_text,cross_ticker_same_day,2,4,3.6367364663912016,10,0.052328282944153995
AXP,log_abs_return,3,90.0,target_sector_event_weighted,same_day_text,correct_text,1,4,4.85697886633216,3,0.086723305131532
AXP,log_abs_return,3,90.0,target_sector_event_weighted,shifted_1_day_text,cross_ticker_same_day,2,4,1.0379468598097317,3,0.01853295736112
AXP,log_abs_return,3,90.0,target_sector_weighted,same_day_text,correct_text,1,4,6.094496300861405,3,0.10881967512486386
AXP,log_abs_return,3,90.0,target_sector_weighted,shifted_1_day_text,cross_ticker_same_day,2,4,6.049524921311012,3,0.10801669311109219
AXP,log_abs_return,3,95.0,target_sector_event_weighted,same_day_text,correct_text,1,4,6.980311760605436,2,0.13246670479279343
AXP,log_abs_return,3,95.0,target_sector_event_weighted,shifted_1_day_text,cross_ticker_same_day,2,4,-0.9320233694515383,2,-0.017687184867286376
AXP,log_abs_return,3,95.0,target_sector_weighted,same_day_text,correct_text,1,4,6.866231483764415,2,0.13030178166711504
AXP,log_abs_return,3,95.0,target_sector_weighted,shifted_1_day_text,cross_ticker_same_day,2,4,2.7982373019693076,2,0.05310268184755129
AXP,log_gk,1,80.0,target_sector_event_weighted,same_day_text,correct_text,1,4,5.5925285418028965,10,0.03614007447939782
AXP,log_gk,1,80.0,target_sector_event_weighted,shifted_1_day_text,shuffled_within_ticker,3,4,-0.8974122849857005,10,-0.005799263530920395
AXP,log_gk,1,80.0,target_sector_weighted,same_day_text,correct_text,1,4,5.196944519701609,10,0.0335837288273841
AXP,log_gk,1,80.0,target_sector_weighted,shifted_1_day_text,stale_20d,3,4,0.15719941071599075,10,0.0010158550589286718
AXP,log_gk,1,85.0,target_sector_event_weighted,same_day_text,correct_text,1,4,5.022761158757708,7,0.03912792915071809
AXP,log_gk,1,85.0,target_sector_event_weighted,shifted_1_day_text,shuffled_within_ticker,3,4,-0.1832091815806444,7,-0.001427222129435484
AXP,log_gk,1,85.0,target_sector_weighted,same_day_text,correct_text,1,4,5.4812031485415575,7,0.04269924881514215
AXP,log_gk,1,85.0,target_sector_weighted,shifted_1_day_text,stale_20d,4,4,0.18378375915500986,7,0.0014316981596331452
AXP,log_gk,1,90.0,target_sector_event_weighted,same_day_text,correct_text,1,4,4.587678989904212,4,0.04197332117379626
AXP,log_gk,1,90.0,target_sector_event_weighted,shifted_1_day_text,shuffled_within_ticker,4,4,-1.0601671221723148,4,-0.009699618306939772
AXP,log_gk,1,90.0,target_sector_weighted,same_day_text,correct_text,1,4,3.756099794697084,4,0.03436508600331312
AXP,log_gk,1,90.0,target_sector_weighted,shifted_1_day_text,shuffled_within_ticker,4,4,-1.41858078955863,4,-0.012978795426217271
AXP,log_gk,1,95.0,target_sector_event_weighted,same_day_text,correct_text,1,4,3.8944603979037833,2,0.03967694826452073
AXP,log_gk,1,95.0,target_sector_event_weighted,shifted_1_day_text,cross_ticker_same_day,4,4,0.22444310135483087,2,0.002286637020517013
AXP,log_gk,1,95.0,target_sector_weighted,same_day_text,correct_text,1,4,4.494407690719742,2,0.04578923989581085
AXP,log_gk,1,95.0,target_sector_weighted,shifted_1_day_text,stale_20d,4,4,-2.8824289544698365,2,-0.02936632365403291
AXP,log_gk,3,80.0,target_sector_event_weighted,same_day_text,correct_text,1,4,2.826668296241113,8,0.024399916155349866
AXP,log_gk,3,80.0,target_sector_event_weighted,shifted_1_day_text,cross_ticker_same_day,2,4,1.0264312507299962,8,0.008860196468877257
AXP,log_gk,3,80.0,target_sector_weighted,same_day_text,correct_text,1,4,0.23628099409895406,8,0.002039587189195058
AXP,log_gk,3,80.0,target_sector_weighted,shifted_1_day_text,correct_text,1,4,1.48534958413346,8,0.012821598261966272
AXP,log_gk,3,85.0,target_sector_event_weighted,same_day_text,correct_text,1,4,2.223207563705912,6,0.021025456336135246
AXP,log_gk,3,85.0,target_sector_event_weighted,shifted_1_day_text,cross_ticker_same_day,2,4,1.6198702522021153,6,0.015319537327008378
AXP,log_gk,3,85.0,target_sector_weighted,same_day_text,correct_text,1,4,0.24482556338211786,6,0.002315379489029823
AXP,log_gk,3,85.0,target_sector_weighted,shifted_1_day_text,correct_text,1,4,2.1236230169681005,6,0.02008365918980859
AXP,log_gk,3,90.0,target_sector_event_weighted,same_day_text,cross_ticker_same_day,2,4,2.1902191643644766,4,0.02410547898632487
AXP,log_gk,3,90.0,target_sector_event_weighted,shifted_1_day_text,cross_ticker_same_day,2,4,0.6750678345657626,4,0.007429774045096815
AXP,log_gk,3,90.0,target_sector_weighted,same_day_text,correct_text,1,4,1.226433067597559,4,0.013498081388437333
AXP,log_gk,3,90.0,target_sector_weighted,shifted_1_day_text,cross_ticker_same_day,2,4,0.70966817765252,4,0.007810584265721232
AXP,log_gk,3,95.0,target_sector_event_weighted,same_day_text,correct_text,1,4,3.6848273779875726,3,0.040072309735395294
AXP,log_gk,3,95.0,target_sector_event_weighted,shifted_1_day_text,cross_ticker_same_day,3,4,0.39682508227818225,3,0.004315452523724339
AXP,log_gk,3,95.0,target_sector_weighted,same_day_text,correct_text,1,4,1.8622133825789442,3,0.020251475525254154
AXP,log_gk,3,95.0,target_sector_weighted,shifted_1_day_text,cross_ticker_same_day,2,4,0.1519688191938534,3,0.0016526531552705965
BAC,log_abs_return,1,80.0,target_sector_event_weighted,same_day_text,correct_text,1,4,16.75907472198864,20,0.35204292742482907
BAC,log_abs_return,1,80.0,target_sector_event_weighted,shifted_1_day_text,correct_text,1,4,5.122180533838923,20,0.10759707560496853
BAC,log_abs_return,1,80.0,target_sector_weighted,same_day_text,correct_text,1,4,16.946305647392368,20,0.3559759203959211
BAC,log_abs_return,1,80.0,target_sector_weighted,shifted_1_day_text,correct_text,1,4,3.370507665593175,20,0.07652425540575625
BAC,log_abs_return,1,85.0,target_sector_event_weighted,same_day_text,correct_text,1,4,23.069190640032833,12,0.4964173879591558
BAC,log_abs_return,1,85.0,target_sector_event_weighted,shifted_1_day_text,correct_text,1,4,8.0331554230469,12,0.17286250282481497
BAC,log_abs_return,1,85.0,target_sector_weighted,same_day_text,correct_text,1,4,20.89657439070836,12,0.4496656617995187
BAC,log_abs_return,1,85.0,target_sector_weighted,shifted_1_day_text,cross_ticker_same_day,3,4,2.056078124650457,12,0.05291911464915685
BAC,log_abs_return,1,90.0,target_sector_event_weighted,same_day_text,correct_text,1,4,18.06935857738736,7,0.4005558795381751
BAC,log_abs_return,1,90.0,target_sector_event_weighted,shifted_1_day_text,correct_text,1,4,8.537219675364005,7,0.18925041092247152
BAC,log_abs_return,1,90.0,target_sector_weighted,same_day_text,correct_text,1,4,15.378567408156302,7,0.3409072639645315
BAC,log_abs_return,1,90.0,target_sector_weighted,shifted_1_day_text,cross_ticker_same_day,2,4,0.4553424417044216,7,0.024965538856294094
BAC,log_abs_return,1,95.0,target_sector_event_weighted,same_day_text,correct_text,1,4,15.923093260775198,3,0.4926069542326837
BAC,log_abs_return,1,95.0,target_sector_event_weighted,shifted_1_day_text,correct_text,1,4,6.864267176980149,3,0.21235734110917104
BAC,log_abs_return,1,95.0,target_sector_weighted,same_day_text,correct_text,1,4,13.02329859309018,3,0.40289705956872773
BAC,log_abs_return,1,95.0,target_sector_weighted,shifted_1_day_text,correct_text,1,4,4.458753676969422,3,0.1379388434467259
BAC,log_abs_return,3,80.0,target_sector_event_weighted,same_day_text,correct_text,1,4,5.413977318028481,17,0.07993767878247937
BAC,log_abs_return,3,80.0,target_sector_event_weighted,shifted_1_day_text,cross_ticker_same_day,3,4,0.7514660974973173,17,0.011095439080919256
BAC,log_abs_return,3,80.0,target_sector_weighted,same_day_text,correct_text,1,4,6.638610911180698,17,0.09801946247773895
BAC,log_abs_return,3,80.0,target_sector_weighted,shifted_1_day_text,cross_ticker_same_day,2,4,3.3176347684147873,17,0.04898506344900992
BAC,log_abs_return,3,85.0,target_sector_event_weighted,same_day_text,correct_text,1,4,4.951516913933538,15,0.07727716569937233
BAC,log_abs_return,3,85.0,target_sector_event_weighted,shifted_1_day_text,cross_ticker_same_day,2,4,1.8174624048577892,15,0.028364710421841247
BAC,log_abs_return,3,85.0,target_sector_weighted,same_day_text,correct_text,1,4,5.702767633735214,15,0.08900175987222493
BAC,log_abs_return,3,85.0,target_sector_weighted,shifted_1_day_text,cross_ticker_same_day,2,4,4.156040976682203,15,0.06486235890756813
BAC,log_abs_return,3,90.0,target_sector_event_weighted,same_day_text,correct_text,1,4,5.6607938646614375,8,0.10170967332207614
BAC,log_abs_return,3,90.0,target_sector_event_weighted,shifted_1_day_text,cross_ticker_same_day,2,4,-0.12798711256429796,8,-0.0022995939650114483
BAC,log_abs_return,3,90.0,target_sector_weighted,same_day_text,correct_text,1,4,6.877805243549565,8,0.12357618758409372
BAC,log_abs_return,3,90.0,target_sector_weighted,shifted_1_day_text,cross_ticker_same_day,2,4,2.7964090924268747,8,0.050244163992824
BAC,log_abs_return,3,95.0,target_sector_event_weighted,same_day_text,correct_text,1,4,7.688174877775368,3,0.15438095032744728
BAC,log_abs_return,3,95.0,target_sector_event_weighted,shifted_1_day_text,cross_ticker_same_day,2,4,0.5840591453071419,3,0.011728089869626443
BAC,log_abs_return,3,95.0,target_sector_weighted,same_day_text,correct_text,1,4,11.467683990918573,3,0.23027467256118653
BAC,log_abs_return,3,95.0,target_sector_weighted,shifted_1_day_text,cross_ticker_same_day,2,4,3.0121505694737523,3,0.0604849232538888
BAC,log_gk,1,80.0,target_sector_event_weighted,same_day_text,shuffled_within_ticker,2,4,1.8562116239917628,9,0.01369314523917817
BAC,log_gk,1,80.0,target_sector_event_weighted,shifted_1_day_text,correct_text,1,4,1.2919212182312485,9,0.009530413800972463
BAC,log_gk,1,80.0,target_sector_weighted,same_day_text,correct_text,1,4,4.3589129227496315,9,0.03215540025968849
BAC,log_gk,1,80.0,target_sector_weighted,shifted_1_day_text,correct_text,1,4,0.7500028323637467,9,0.005532719211867882
BAC,log_gk,1,85.0,target_sector_event_weighted,same_day_text,correct_text,1,4,2.7078260425469316,6,0.023366983288962768
BAC,log_gk,1,85.0,target_sector_event_weighted,shifted_1_day_text,correct_text,1,4,2.266180065516546,6,0.019555832202167018
BAC,log_gk,1,85.0,target_sector_weighted,same_day_text,correct_text,1,4,3.8063890468027974,6,0.03284695096745308
BAC,log_gk,1,85.0,target_sector_weighted,shifted_1_day_text,cross_ticker_same_day,2,4,1.6264112602816305,6,0.014034994915787044
BAC,log_gk,1,90.0,target_sector_event_weighted,same_day_text,correct_text,1,4,2.3393332599102235,5,0.02065646186607619
BAC,log_gk,1,90.0,target_sector_event_weighted,shifted_1_day_text,correct_text,1,4,3.1945609445184346,5,0.02820817685968944
BAC,log_gk,1,90.0,target_sector_weighted,same_day_text,correct_text,1,4,3.3495115701126235,5,0.02957640076500585
BAC,log_gk,1,90.0,target_sector_weighted,shifted_1_day_text,cross_ticker_same_day,2,4,1.9398298692889122,5,0.01712882145025372
BAC,log_gk,1,95.0,target_sector_event_weighted,same_day_text,correct_text,1,4,1.3767425652306609,2,0.015682349728223244
BAC,log_gk,1,95.0,target_sector_event_weighted,shifted_1_day_text,cross_ticker_same_day,2,4,1.204075744717886,2,0.013715517631847973
BAC,log_gk,1,95.0,target_sector_weighted,same_day_text,correct_text,1,4,2.353849667745319,2,0.02681248813648729
BAC,log_gk,1,95.0,target_sector_weighted,shifted_1_day_text,correct_text,1,4,1.372855776953668,2,0.015638075675383778
BAC,log_gk,3,80.0,target_sector_event_weighted,same_day_text,correct_text,1,4,3.7159552889858998,7,0.026404152096540758
BAC,log_gk,3,80.0,target_sector_event_weighted,shifted_1_day_text,correct_text,1,4,3.2448172364797023,7,0.02305642591864134
BAC,log_gk,3,80.0,target_sector_weighted,same_day_text,correct_text,1,4,4.043612345149922,7,0.028732357382568376
BAC,log_gk,3,80.0,target_sector_weighted,shifted_1_day_text,stale_20d,2,4,0.1408369789111666,7,0.0010007335187831906
BAC,log_gk,3,85.0,target_sector_event_weighted,same_day_text,correct_text,1,4,3.5328572353321293,5,0.028679417619837545
BAC,log_gk,3,85.0,target_sector_event_weighted,shifted_1_day_text,correct_text,1,4,4.793775483008567,5,0.038915438664765746
BAC,log_gk,3,85.0,target_sector_weighted,same_day_text,correct_text,1,4,3.608230589377103,5,0.029291291735905743
BAC,log_gk,3,85.0,target_sector_weighted,shifted_1_day_text,correct_text,1,4,1.4548367630842152,5,0.01181023413001352
BAC,log_gk,3,90.0,target_sector_event_weighted,same_day_text,cross_ticker_same_day,2,4,1.4610817777805916,3,0.015974671545660197
BAC,log_gk,3,90.0,target_sector_event_weighted,shifted_1_day_text,correct_text,1,4,1.2061892325608745,3,0.013187815429017924
BAC,log_gk,3,90.0,target_sector_weighted,same_day_text,correct_text,1,4,1.6817896002168615,3,0.018387770541619847
BAC,log_gk,3,90.0,target_sector_weighted,shifted_1_day_text,correct_text,1,4,0.7344128803938709,3,0.008029670016838667
BAC,log_gk,3,95.0,target_sector_event_weighted,same_day_text,stale_20d,3,4,0.8150863773939908,2,0.01045638234724322
BAC,log_gk,3,95.0,target_sector_event_weighted,shifted_1_day_text,correct_text,1,4,2.724136533009514,2,0.034946741775163215
BAC,log_gk,3,95.0,target_sector_weighted,same_day_text,correct_text,1,4,2.0554988477919567,2,0.026369084876070037
BAC,log_gk,3,95.0,target_sector_weighted,shifted_1_day_text,correct_text,1,4,1.75986033388656,2,0.02257646924206913
BX,log_abs_return,1,80.0,target_sector_event_weighted,same_day_text,correct_text,1,4,5.580262431142717,15,0.11188031948097302
BX,log_abs_return,1,80.0,target_sector_event_weighted,shifted_1_day_text,cross_ticker_same_day,3,4,-1.6763796245566835,15,-0.03224492712115842
BX,log_abs_return,1,80.0,target_sector_weighted,same_day_text,correct_text,1,4,7.8231571799145385,15,0.1608521827130683
BX,log_abs_return,1,80.0,target_sector_weighted,shifted_1_day_text,shuffled_within_ticker,3,4,-1.321080456611053,15,-0.02541079742356954
BX,log_abs_return,1,85.0,target_sector_event_weighted,same_day_text,correct_text,1,4,10.447813413147971,9,0.2233150750933639
BX,log_abs_return,1,85.0,target_sector_event_weighted,shifted_1_day_text,cross_ticker_same_day,2,4,1.7247612899992908,9,0.03686562745364593
BX,log_abs_return,1,85.0,target_sector_weighted,same_day_text,correct_text,1,4,14.43177941016193,9,0.3084697032065508
BX,log_abs_return,1,85.0,target_sector_weighted,shifted_1_day_text,shuffled_within_ticker,4,4,-2.111379822252474,9,-0.045129341893066846
BX,log_abs_return,1,90.0,target_sector_event_weighted,same_day_text,correct_text,1,4,9.494272961737774,5,0.20897903814638444
BX,log_abs_return,1,90.0,target_sector_event_weighted,shifted_1_day_text,cross_ticker_same_day,2,4,8.649651116843982,5,0.19038801369883956
BX,log_abs_return,1,90.0,target_sector_weighted,same_day_text,correct_text,1,4,15.833031755589646,5,0.3485018558618167
BX,log_abs_return,1,90.0,target_sector_weighted,shifted_1_day_text,cross_ticker_same_day,2,4,11.228803166305221,5,0.24715789136107097
BX,log_abs_return,1,95.0,target_sector_event_weighted,same_day_text,correct_text,1,4,16.89563889181634,2,0.4077916262227177
BX,log_abs_return,1,95.0,target_sector_event_weighted,shifted_1_day_text,stale_20d,2,4,5.443040674674666,2,0.13137274195633353
BX,log_abs_return,1,95.0,target_sector_weighted,same_day_text,correct_text,1,4,21.437009092502173,2,0.5174017304203207
BX,log_abs_return,1,95.0,target_sector_weighted,shifted_1_day_text,cross_ticker_same_day,2,4,12.829022398680065,2,0.3096401349663904
BX,log_abs_return,3,80.0,target_sector_event_weighted,same_day_text,correct_text,1,4,6.453309937268187,15,0.07393851131150336
BX,log_abs_return,3,80.0,target_sector_event_weighted,shifted_1_day_text,correct_text,1,4,2.965892978762954,15,0.03398158676565943
BX,log_abs_return,3,80.0,target_sector_weighted,same_day_text,correct_text,1,4,6.227464629288161,15,0.07135089874972399
BX,log_abs_return,3,80.0,target_sector_weighted,shifted_1_day_text,correct_text,1,4,4.849862799292775,15,0.0555670871119737
BX,log_abs_return,3,85.0,target_sector_event_weighted,same_day_text,correct_text,1,4,5.736361387789239,7,0.07888658085711064
BX,log_abs_return,3,85.0,target_sector_event_weighted,shifted_1_day_text,correct_text,1,4,5.603263744428147,7,0.07705621883925654
BX,log_abs_return,3,85.0,target_sector_weighted,same_day_text,correct_text,1,4,6.861214011771073,7,0.09435558140909205
BX,log_abs_return,3,85.0,target_sector_weighted,shifted_1_day_text,correct_text,1,4,4.189217194703829,7,0.05761021641026089
BX,log_abs_return,3,90.0,target_sector_event_weighted,same_day_text,correct_text,1,4,4.162163649668652,5,0.06436698353578504
BX,log_abs_return,3,90.0,target_sector_event_weighted,shifted_1_day_text,cross_ticker_same_day,2,4,2.8859227818111646,5,0.04463018752210166
BX,log_abs_return,3,90.0,target_sector_weighted,same_day_text,cross_ticker_same_day,2,4,4.457777844076464,5,0.06893859474235242
BX,log_abs_return,3,90.0,target_sector_weighted,shifted_1_day_text,correct_text,1,4,6.151840289758339,5,0.0951369133881073
BX,log_abs_return,3,95.0,target_sector_event_weighted,same_day_text,cross_ticker_same_day,3,4,0.11399854999766974,2,0.0019830736227837154
BX,log_abs_return,3,95.0,target_sector_event_weighted,shifted_1_day_text,stale_20d,2,4,2.386657593279077,2,0.04151735017633951
BX,log_abs_return,3,95.0,target_sector_weighted,same_day_text,cross_ticker_same_day,3,4,1.0704461307610618,2,0.018621056904377653
BX,log_abs_return,3,95.0,target_sector_weighted,shifted_1_day_text,correct_text,1,4,7.5196775192610295,2,0.13080933170282472
BX,log_gk,1,80.0,target_sector_event_weighted,same_day_text,stale_20d,3,4,-2.3773080647632003,10,-0.012407110011115163
BX,log_gk,1,80.0,target_sector_event_weighted,shifted_1_day_text,cross_ticker_same_day,2,4,-0.05761010946826883,10,-0.00037431232406959225
BX,log_gk,1,80.0,target_sector_weighted,same_day_text,shuffled_within_ticker,4,4,-0.8662889236368376,10,-0.004052296644825981
BX,log_gk,1,80.0,target_sector_weighted,shifted_1_day_text,correct_text,1,4,3.685082496974595,10,0.014513134676463757
BX,log_gk,1,85.0,target_sector_event_weighted,same_day_text,shuffled_within_ticker,4,4,-2.362103097754037,6,-0.015074401241840821
BX,log_gk,1,85.0,target_sector_event_weighted,shifted_1_day_text,correct_text,1,4,-0.017181729815254208,6,-0.00032012134895305816
BX,log_gk,1,85.0,target_sector_weighted,same_day_text,shuffled_within_ticker,4,4,-1.5345071876802738,6,-0.007536005621445296
BX,log_gk,1,85.0,target_sector_weighted,shifted_1_day_text,correct_text,1,4,4.959948127722302,6,0.02094445336086137
BX,log_gk,1,90.0,target_sector_event_weighted,same_day_text,stale_20d,3,4,-2.1608923240125146,3,-0.012878065841511374
BX,log_gk,1,90.0,target_sector_event_weighted,shifted_1_day_text,stale_20d,2,4,-0.20637343385072582,3,-0.0012299042573918524
BX,log_gk,1,90.0,target_sector_weighted,same_day_text,shuffled_within_ticker,3,4,-0.21482291272424897,3,-0.0012802598184027403
BX,log_gk,1,90.0,target_sector_weighted,shifted_1_day_text,correct_text,1,4,3.8806371283384564,3,0.023127066485644516
BX,log_gk,3,80.0,target_sector_event_weighted,same_day_text,cross_ticker_same_day,4,4,-2.6761781310051727,12,-0.01573245455889616
BX,log_gk,3,80.0,target_sector_event_weighted,shifted_1_day_text,stale_20d,3,4,0.46776263839210813,12,0.008523018031617332
BX,log_gk,3,80.0,target_sector_weighted,same_day_text,stale_20d,4,4,-1.0731638931036602,12,-0.005662019817621489
BX,log_gk,3,80.0,target_sector_weighted,shifted_1_day_text,stale_20d,2,4,1.5124984936104033,12,0.012271988872216219
BX,log_gk,3,85.0,target_sector_event_weighted,same_day_text,stale_20d,4,4,-3.547646420950628,9,-0.021751459937617845
BX,log_gk,3,85.0,target_sector_event_weighted,shifted_1_day_text,stale_20d,2,4,1.7633447879404882,9,0.010811484279996848
BX,log_gk,3,85.0,target_sector_weighted,same_day_text,stale_20d,3,4,-1.6781251357090274,9,-0.010288982420605238
BX,log_gk,3,85.0,target_sector_weighted,shifted_1_day_text,correct_text,1,4,2.151710799648794,9,0.013192648224328578
BX,log_gk,3,90.0,target_sector_event_weighted,same_day_text,stale_20d,4,4,-1.4893665846224753,6,-0.009415407103298875
BX,log_gk,3,90.0,target_sector_event_weighted,shifted_1_day_text,stale_20d,2,4,1.5037277688813906,6,0.00950619495746389
BX,log_gk,3,90.0,target_sector_weighted,same_day_text,stale_20d,3,4,1.1834964372127421,6,0.007481771698595023
BX,log_gk,3,90.0,target_sector_weighted,shifted_1_day_text,correct_text,1,4,2.4076360733507194,6,0.015220479646339621
BX,log_gk,3,95.0,target_sector_event_weighted,same_day_text,shuffled_within_ticker,4,4,-6.3576520376716585,2,-0.04915561559583059
BX,log_gk,3,95.0,target_sector_event_weighted,shifted_1_day_text,correct_text,1,4,5.889420374360172,2,0.0455353772570295
BX,log_gk,3,95.0,target_sector_weighted,same_day_text,stale_20d,4,4,-3.9339292523235647,2,-0.03041605815520998
BX,log_gk,3,95.0,target_sector_weighted,shifted_1_day_text,correct_text,1,4,5.892368875678614,2,0.045558174257641415
C,log_abs_return,1,80.0,target_sector_event_weighted,same_day_text,correct_text,1,4,29.436680297052664,10,0.5015754602981157
C,log_abs_return,1,80.0,target_sector_event_weighted,shifted_1_day_text,cross_ticker_same_day,4,4,-3.4570250438082653,10,-0.049675897723449845
C,log_abs_return,1,80.0,target_sector_weighted,same_day_text,correct_text,1,4,21.171522922361895,10,0.35505912038187887
C,log_abs_return,1,80.0,target_sector_weighted,shifted_1_day_text,cross_ticker_same_day,2,4,-1.105042613137935,10,0.018621453561805577
C,log_abs_return,1,85.0,target_sector_event_weighted,same_day_text,correct_text,1,4,25.601059244203565,7,0.43418233493541863
C,log_abs_return,1,85.0,target_sector_event_weighted,shifted_1_day_text,cross_ticker_same_day,2,4,3.239165593131019,7,0.0590616951488055
C,log_abs_return,1,85.0,target_sector_weighted,same_day_text,correct_text,1,4,23.39677119441067,7,0.381449552919462
C,log_abs_return,1,85.0,target_sector_weighted,shifted_1_day_text,correct_text,1,4,3.0420413087625553,7,0.09928725516070884
C,log_abs_return,1,90.0,target_sector_event_weighted,same_day_text,correct_text,1,4,31.82906028752318,5,0.5784409449226221
C,log_abs_return,1,90.0,target_sector_event_weighted,shifted_1_day_text,cross_ticker_same_day,2,4,-2.639255776225374,5,-0.03238264968429636
C,log_abs_return,1,90.0,target_sector_weighted,same_day_text,correct_text,1,4,28.358609503025313,5,0.4806893402873847
C,log_abs_return,1,90.0,target_sector_weighted,shifted_1_day_text,correct_text,1,4,1.6671526048736154,5,0.07472136846211903
C,log_abs_return,1,95.0,target_sector_event_weighted,same_day_text,correct_text,1,4,49.72510899705177,1,0.3871329009508724
C,log_abs_return,1,95.0,target_sector_event_weighted,shifted_1_day_text,correct_text,1,4,84.04456068977983,1,0.3871329009508724
C,log_abs_return,1,95.0,target_sector_weighted,same_day_text,stale_20d,4,4,-23.476966948524865,1,-0.0908870632031018
C,log_abs_return,1,95.0,target_sector_weighted,shifted_1_day_text,correct_text,1,4,39.99155023749952,1,0.3871329009508724
C,log_abs_return,3,80.0,target_sector_event_weighted,same_day_text,correct_text,1,4,7.708924283565997,10,0.1104413565595889
C,log_abs_return,3,80.0,target_sector_event_weighted,shifted_1_day_text,cross_ticker_same_day,3,4,1.9206053323687042,10,0.027515415967253487
C,log_abs_return,3,80.0,target_sector_weighted,same_day_text,correct_text,1,4,11.91578453048142,10,0.1707106412789126
C,log_abs_return,3,80.0,target_sector_weighted,shifted_1_day_text,stale_20d,3,4,3.5228771383427775,10,0.05047024926431898
C,log_abs_return,3,85.0,target_sector_event_weighted,same_day_text,correct_text,1,4,10.977139179783292,6,0.17162511420481188
C,log_abs_return,3,85.0,target_sector_event_weighted,shifted_1_day_text,cross_ticker_same_day,3,4,1.74874920620975,6,0.027341302439170434
C,log_abs_return,3,85.0,target_sector_weighted,same_day_text,correct_text,1,4,15.304875605471354,6,0.23928830459916908
C,log_abs_return,3,85.0,target_sector_weighted,shifted_1_day_text,stale_20d,3,4,3.102083054540246,6,0.04850037425860446
C,log_abs_return,3,90.0,target_sector_event_weighted,same_day_text,correct_text,1,4,5.710685921983206,3,0.10472625518461894
C,log_abs_return,3,90.0,target_sector_event_weighted,shifted_1_day_text,cross_ticker_same_day,2,4,-0.32372383877516886,3,-0.005936657314387676
C,log_abs_return,3,90.0,target_sector_weighted,same_day_text,correct_text,1,4,11.53710877722484,3,0.21157496917231247
C,log_abs_return,3,90.0,target_sector_weighted,shifted_1_day_text,correct_text,1,4,4.5319274433457,3,0.08310941914752974
C,log_abs_return,3,95.0,target_sector_event_weighted,same_day_text,correct_text,1,4,14.926085856938897,1,0.32055966445659845
C,log_abs_return,3,95.0,target_sector_event_weighted,shifted_1_day_text,stale_20d,3,4,-4.504802717446696,1,-0.09674726926996513
C,log_abs_return,3,95.0,target_sector_weighted,same_day_text,correct_text,1,4,17.22067856959355,1,0.3698394205214601
C,log_abs_return,3,95.0,target_sector_weighted,shifted_1_day_text,correct_text,1,4,-0.17783095225303266,1,-0.0038191814606056695
C,log_gk,1,80.0,target_sector_event_weighted,same_day_text,correct_text,1,4,6.71450132879205,9,0.0328102379786219
C,log_gk,1,80.0,target_sector_event_weighted,shifted_1_day_text,stale_20d,3,4,-0.2652947614364629,9,-0.001296356025709174
C,log_gk,1,80.0,target_sector_weighted,same_day_text,correct_text,1,4,8.256030440787269,9,0.040342880320750396
C,log_gk,1,80.0,target_sector_weighted,shifted_1_day_text,stale_20d,2,4,0.5758517991268324,9,0.002813884999732144
C,log_gk,1,85.0,target_sector_event_weighted,same_day_text,correct_text,1,4,6.292974906042777,4,0.04659254609445607
C,log_gk,1,85.0,target_sector_event_weighted,shifted_1_day_text,shuffled_within_ticker,4,4,-1.4892240157842418,4,-0.011026063131726493
C,log_gk,1,85.0,target_sector_weighted,same_day_text,correct_text,1,4,6.642648332650138,4,0.049181492576916286
C,log_gk,1,85.0,target_sector_weighted,shifted_1_day_text,stale_20d,2,4,0.6520208410227887,4,0.004827495984566665
C,log_gk,1,90.0,target_sector_event_weighted,same_day_text,correct_text,1,4,4.785252211058185,1,0.04422444151781679
C,log_gk,1,90.0,target_sector_event_weighted,shifted_1_day_text,stale_20d,4,4,-1.416576643615884,1,-0.013091746927429426
C,log_gk,1,90.0,target_sector_weighted,same_day_text,correct_text,1,4,4.127706667412697,1,0.038147523696630437
C,log_gk,1,90.0,target_sector_weighted,shifted_1_day_text,stale_20d,4,4,-0.6086717718024723,1,-0.005625235199394396
C,log_gk,3,80.0,target_sector_event_weighted,same_day_text,correct_text,1,4,1.9190605313283413,8,0.012376513704293157
C,log_gk,3,80.0,target_sector_event_weighted,shifted_1_day_text,correct_text,1,4,2.3496731577468877,8,0.01515364500635874
C,log_gk,3,80.0,target_sector_weighted,same_day_text,correct_text,1,4,4.172091200464074,8,0.02690688650782813
C,log_gk,3,80.0,target_sector_weighted,shifted_1_day_text,correct_text,1,4,4.483546925986969,8,0.028915544386142522
C,log_gk,3,85.0,target_sector_event_weighted,same_day_text,correct_text,1,4,5.690428728854899,4,0.044429257526970245
C,log_gk,3,85.0,target_sector_event_weighted,shifted_1_day_text,stale_20d,3,4,0.6527191218790911,4,0.005096246230392509
C,log_gk,3,85.0,target_sector_weighted,same_day_text,correct_text,1,4,6.0883003915566265,4,0.0475357268998704
C,log_gk,3,85.0,target_sector_weighted,shifted_1_day_text,correct_text,1,4,3.864282249602511,4,0.030171222486963467
C,log_gk,3,90.0,target_sector_event_weighted,same_day_text,correct_text,1,4,6.6367271287418985,3,0.05520847511053913
C,log_gk,3,90.0,target_sector_event_weighted,shifted_1_day_text,stale_20d,2,4,3.3162995578170014,3,0.027587067849140112
C,log_gk,3,90.0,target_sector_weighted,same_day_text,correct_text,1,4,5.821478619535104,3,0.04842672468501282
C,log_gk,3,90.0,target_sector_weighted,shifted_1_day_text,correct_text,1,4,7.413688340156935,3,0.06167172768521478
C,log_gk,3,95.0,target_sector_event_weighted,same_day_text,correct_text,1,4,7.5709229176522275,1,0.053238973188689975
C,log_gk,3,95.0,target_sector_event_weighted,shifted_1_day_text,correct_text,1,4,10.45740404373855,1,0.07353680120158224
C,log_gk,3,95.0,target_sector_weighted,same_day_text,cross_ticker_same_day,3,4,1.2404032712879125,1,0.008722555654250286
C,log_gk,3,95.0,target_sector_weighted,shifted_1_day_text,correct_text,1,4,15.246354281571373,1,0.10721285312908169
